<?xml version="1.0" encoding="UTF-8"?>
<project-private xmlns="http://www.netbeans.org/ns/project-private/1">
    <editor-bookmarks xmlns="http://www.netbeans.org/ns/editor-bookmarks/2" lastBookmarkId="0"/>
    <open-files xmlns="http://www.netbeans.org/ns/projectui-open-files/2">
        <group>
            <file>file:/media/alumne/61B8-1142/TAD-M15/MVc18/FriendsMVC/src/proven/friends/controllers/FriendController.java</file>
            <file>file:/media/alumne/61B8-1142/TAD-M15/MVc18/FriendsMVC/src/proven/friends/model/FriendModel.java</file>
            <file>file:/media/alumne/61B8-1142/TAD-M15/MVc18/FriendsMVC/src/proven/friends/views/FriendMenu.java</file>
            <file>file:/media/alumne/61B8-1142/TAD-M15/MVc18/FriendsMVC/src/proven/friends/views/FriendView.java</file>
            <file>file:/media/alumne/61B8-1142/TAD-M15/MVc18/FriendsMVC/src/proven/friends/FriendsApp.java</file>
        </group>
    </open-files>
</project-private>
